STUDENT_ID (PK),UNIVERSITY_ID (FK),CAMPUS_ID (FK),STUDENT_NUMBER,TITLE,FIRST_NAME,PREFERRED_NAME,LAST_NAME,ADDRESS_LINE_1,ADDRESS_LINE_2,CITY,POSTCODE,STATE,COUNTRY,DATE_OF_BIRTH,PHONE_NUMBER,STUDENT_EMAIL,GENDER,BSB,ACCOUNT_NUMBER,FIELD_OF_STUDY_CODE,COUNTRY_OF_BIRTH,INDIGENOUS_AUSTRALIAN,DISABILITY,AUS_CITIZEN,CITIZENS_PR,SHORT_TERM_GRANT,SEMESTER_GRANT,NOTES
S1000,U1000,C1000,22344570,Mr,Homerson,Homer,Simpson,23 Shake Drive,null,Yanchep,6030,WA,Australia,17/07/2001,427363018,22344570@student.uwa.edu.au,Male,16343,488368226,Bachelor of Commerce,Australia,null,null,yes,0,0,0,null
S1001,U1003,C1026,37281902,Mrs,Georgia,null,Wade,39 Loose Road,null,Shenton Park,6016,WA,Australia,12/03/2000,423829013,37281902@student.curtin.edu.au,Female,49223,483940053,Bachelor of Science,Australia,null,no,yes,0,0,1,null
S1002,U1003,C1024,22237829,Mrs,Jane,null,Doe,9 Sky Lane,null,Balcatta,6002,WA,Australia,19/08/2002,492019219,22237829@student.curtin.edu.au,Female,38293,462937229,Bachelor of Philosophy,England,yes,yes,no,0,1,1,null
S1003,U1005,C1052,42890192,Mr ,John,null,Smith,17 Bone Circuit,null,Canning Vale,6032,WA,Australia,12/01/2000,420737818,42890192@student.deakin.edu.au,Male,27189,382930272,Bachelor of Law,New Zealand,no,no,yes,1,1,0,null
S1004,U1000,C1000,27382012,Mrs,Daisy,null,Aldam,23 Clever Lane,null,Woodlands,6022,WA,Australia,27/03/1998,438929012,27382012@student.uwa.edu.au,Female,38912,389200932,Bachelor of Arts,Australia,no,null,yes,0,0,1,Peanut allergy
S1005,U1001,C1002,37891023,Mr,William,Bill,Neale,45 Industry Road,null,Footscray,3045,VIC,Australia,21/09/2000,459490203,37891023@student.unsw.edu.au,Male,48930,482929302,Bachelor of Biomedical Science,Australia,null,no,yes,1,0,1,null
S1006,U1004,C1029,45930904,Mr,Robert,Rob,Bontempelli,16 Flag Drive,null,Mooloolaba,4236,QLD,Australia,3/10/1998,437820102,45930904@student.usc.edu.au,Male,84920,376483020,Bachelor of Commerce,Australia,yes,no,yes,1,0,1,null
S1007,U1000,C1000,35390720,Mrs,Giovanni,Giovanni,Parry,423 Fahey Meadow,null,Abington,2148,QLD,Australia,9/12/1995,454517864,35390720@student.uwa.edu.au,Male,29179,389733795,Bachelor of Commerce,Australia,null,null,yes,1,0,1,null
S1008,U1003,C1026,42211655,Mrs,Conna,Conna,Wilkinson,06 Goldner Terrace,null,Lake Wellington,2208,VIC,Australia,16/03/2001,435346417,42211655@student.curtin.edu.au,Female,32815,455950954,Bachelor of Science,Australia,null,no,yes,1,0,1,null
S1009,U1003,C1024,25301694,Mrs,Ariadne,Ariadne,Hirst,23 Adam Avenue,null,Lucaston,2304,TAS,Australia,25/11/2002,482231205,25301694@student.curtin.edu.au,Female,34619,437907614,Bachelor of Philosophy,Australia,yes,yes,no,1,1,1,null
S1010,U1005,C1052,29386460,Mrs,Ahyan,Ahyan,Burks,33 Alana Manor,null,Wuruma Dam,2329,QLD,Australia,27/02/1999,457393183,29386460@student.deakin.edu.au,Male,20707,368331795,Bachelor of Law,Australia,no,no,yes,1,0,1,null
S1011,U1000,C1000,42932812,Mrs,Caelan,Caelan,Collier,9176 Bogan Lane,null,Slacks Creek,2440,QLD,Australia,18/08/1995,487609714,42932812@student.uwa.edu.au,Female,30348,350450560,Bachelor of Arts,Australia,no,null,yes,1,0,1,Peanut allergy
S1012,U1001,C1002,33011750,Mrs,Musa,Musa,Jacobson,4861 Jones Manor,null,St Marys,2480,NSW,Australia,21/09/1999,435095179,33011750@student.unsw.edu.au,Male,41189,477390964,Bachelor of Biomedical Science,Australia,null,no,yes,1,1,1,null
S1013,U1004,C1029,33008740,Mr ,Filip,null,Lang,1595 Green Lane,null,Wigton,2484,QLD,Australia,26/12/2001,480348128,33008740@student.usc.edu.au,Male,43259,496216159,Bachelor of Commerce,Australia,yes,no,yes,1,0,1,null
S1014,U1000,C1000,45660765,Mrs,Tessa,Tessa,Cooley,4704 Holly Trail,null,Botobolar,2535,NSW,Australia,28/01/1999,436064050,45660765@student.uwa.edu.au,Male,23889,395168178,Bachelor of Commerce,Australia,null,null,yes,1,0,1,null
S1015,U1003,C1026,46139596,Mr,Elena,null,Travers,9190 Gemma Square,null,Bara,2642,NSW,Australia,6/12/1999,443489294,46139596@student.curtin.edu.au,Female,35335,385279032,Bachelor of Science,Australia,null,no,yes,1,1,1,null
S1016,U1003,C1024,44506239,Mrs,Shazia,null,Reeve,391 Ali Parkway,null,Tinnanbar,2646,QLD,Australia,21/08/2001,434335665,44506239@student.curtin.edu.au,Female,43564,364897886,Bachelor of Philosophy,Australia,yes,yes,no,0,0,1,null
S1017,U1005,C1052,37968446,Mrs,Jamie,null,Wright,0979 Hickle Avenue,null,Gawler Belt,2663,SA,Australia,2/03/1999,489017175,37968446@student.deakin.edu.au,Male,45978,395089469,Bachelor of Law,Australia,no,no,yes,1,1,1,null
S1018,U1000,C1000,48008083,Mr ,Renesmae,null,Huffman,463 Moss Parkway,null,Bolgart,2752,WA,Australia,16/11/1999,431580799,48008083@student.uwa.edu.au,Female,47515,410057746,Bachelor of Arts,Australia,no,null,yes,1,0,1,Peanut allergy
S1019,U1001,C1002,32570080,Mrs,Mahad,null,Reilly,553 Paterson Lane,null,Jacup,2760,WA,Australia,14/03/1999,448366655,32570080@student.unsw.edu.au,Male,26467,402068571,Bachelor of Biomedical Science,Australia,null,no,yes,0,1,1,null
S1020,U1004,C1029,33130831,Mrs,Gerald,Gerald,Robertson,355 Jasmine Terrace,null,Lagoon Grass,2765,NSW,Australia,1/01/1996,435251354,33130831@student.usc.edu.au,Male,27935,420562006,Bachelor of Commerce,Australia,yes,no,yes,1,0,0,null
S1021,U1000,C1000,31552877,Mrs,Nick,Nick,Gibbons,46 Douglas Station St,null,Trundle,2830,NSW,Australia,4/02/1998,456078691,31552877@student.uwa.edu.au,Male,26361,473103304,Bachelor of Commerce,Australia,null,null,yes,1,1,1,null
S1022,U1003,C1026,28948668,Mr ,Grant,Grant,Briggs,37 Owen Track,null,Postans,2830,WA,Australia,11/07/1997,469378918,28948668@student.curtin.edu.au,Female,19875,353406907,Bachelor of Science,Australia,null,no,yes,0,0,1,null
S1023,U1003,C1024,24248570,Mrs,Lesley,Lesley,Alford,420 Mitchell Road,null,Lake Jasper,2850,WA,Australia,2/03/1997,477810822,24248570@student.curtin.edu.au,Female,42500,455234703,Bachelor of Philosophy,Australia,yes,yes,no,1,0,0,null
S1024,U1005,C1052,34180571,Mr,Henna,Henna,Norman,081 Christopher Trail,null,South Molle,2850,QLD,Australia,26/01/2001,444700037,34180571@student.deakin.edu.au,Male,38004,490682301,Bachelor of Law,Australia,no,no,yes,0,0,1,null
S1025,U1000,C1000,25657005,Mrs,John-James,John-James,Mccarthy,45 Jerde Grove,null,Coolbaggie,2850,NSW,Australia,3/11/2000,447976156,25657005@student.uwa.edu.au,Female,21174,373506103,Bachelor of Arts,Australia,no,null,yes,1,0,1,Peanut allergy
S1026,U1001,C1002,47540679,Mrs,Gordon,Gordon,Blanchard,4881 Mckenzie Parkway,null,Hampden Hall,2875,NSW,Australia,12/07/2000,445598403,47540679@student.unsw.edu.au,Male,44884,352172984,Bachelor of Biomedical Science,Australia,null,no,yes,1,0,0,null
S1027,U1004,C1029,41458043,Mr ,Derek,null,Meyers,303 Lauren Track,null,Darley,3340,VIC,Australia,14/03/2001,488292662,41458043@student.usc.edu.au,Male,33236,427242219,Bachelor of Commerce,Australia,yes,no,yes,1,0,1,null
S1028,U1000,C1000,40933934,Mrs,Doris,null,Monaghan,9126 Stella Grove,null,Toorbul,3352,QLD,Australia,26/10/1999,481095667,40933934@student.uwa.edu.au,Male,41661,356045842,Bachelor of Commerce,Australia,null,null,yes,0,0,1,null
S1029,U1003,C1026,23628472,Mr,Brandy,null,Mcdermott,41 Russel Crescent,null,The Gap,3357,SA,Australia,4/11/1998,456371051,23628472@student.curtin.edu.au,Female,20608,480418640,Bachelor of Science,Australia,null,no,yes,1,0,0,null
S1030,U1003,C1024,31059356,Mrs,Lewis,null,Wheatley,00 Bauch Pass,null,Ravenswood,3453,VIC,Australia,17/07/2001,472087898,31059356@student.curtin.edu.au,Female,16703,493370530,Bachelor of Philosophy,Australia,yes,yes,no,1,0,1,null
S1031,U1005,C1052,23670644,Mrs,Craig,Craig,Wong,91 Luca Ridge,null,Ludlow,3737,WA,Australia,16/09/1997,452654747,23670644@student.deakin.edu.au,Male,18242,470875466,Bachelor of Law,Australia,no,no,yes,0,0,1,null
S1032,U1000,C1000,25634051,Mr ,Rianna,Rianna,Robles,56 Chase Trail,null,Humeburn,3851,QLD,Australia,5/05/1996,460269994,25634051@student.uwa.edu.au,Female,35925,437509567,Bachelor of Arts,Australia,no,null,yes,1,0,1,Peanut allergy
S1033,U1001,C1002,27058415,Mrs,Maya,Maya,Duran,3294 Koss Island,null,Borrika,3874,SA,Australia,14/06/2002,432720459,27058415@student.unsw.edu.au,Male,25969,481186183,Bachelor of Biomedical Science,Australia,null,no,yes,0,0,0,null
S1034,U1004,C1029,29787972,Mr,Braden,Braden,Whitfield,7297 Kayla Mews,null,Legerwood,3984,TAS,Australia,4/04/1997,452102989,29787972@student.usc.edu.au,Male,25600,351486093,Bachelor of Commerce,Australia,yes,no,yes,0,1,1,null
S1035,U1000,C1000,47756355,Mrs,Rogan,null,Macleod,4754 Xavier Way,null,Yaamba,4127,QLD,Australia,2/12/1997,435932239,47756355@student.uwa.edu.au,Male,43875,373641546,Bachelor of Commerce,Australia,null,null,yes,1,0,1,null
S1036,U1003,C1026,44189825,Mrs,Nabilah,null,Fitzgerald,59 Hills Crescent,null,Macknade,4217,QLD,Australia,17/06/1995,475798011,44189825@student.curtin.edu.au,Female,25215,478252264,Bachelor of Science,Australia,null,no,yes,1,0,1,null
S1037,U1003,C1024,27910447,Mr ,Ethel,null,Haworth,478 Leah Terrace,null,Broughton Vale,4224,NSW,Australia,8/10/2001,435124417,27910447@student.curtin.edu.au,Female,22759,361173948,Bachelor of Philosophy,Australia,yes,yes,no,1,1,1,null
S1038,U1005,C1052,34065686,Mrs,Kaia,null,Fenton,56 Layla Parkway,null,Gabalong,4490,WA,Australia,4/06/2002,442824801,34065686@student.deakin.edu.au,Male,14099,375075391,Bachelor of Law,Australia,no,no,yes,1,0,0,null
S1039,U1000,C1000,32250131,Mr,Zakk,null,Mathis,7287 Hyatt Junction,null,San Remo,4510,WA,Australia,8/11/2000,450151906,32250131@student.uwa.edu.au,Female,16008,485449797,Bachelor of Arts,Australia,no,null,yes,1,0,1,Peanut allergy
S1040,U1001,C1002,34266612,Mrs,Sinead,null,Singh,084 Aidan Place,null,Tully,4612,QLD,Australia,17/01/1995,464869981,34266612@student.unsw.edu.au,Male,15639,499858048,Bachelor of Biomedical Science,Australia,null,no,yes,1,0,1,null
S1041,U1004,C1029,43440723,Mrs,Ellena,null,Calderon,94 Beatty View Rd,null,Tugun Heights,4627,QLD,Australia,6/11/1995,455072970,43440723@student.usc.edu.au,Male,33387,445849560,Bachelor of Commerce,Australia,yes,no,yes,1,1,0,null
S1042,U1000,C1000,35593557,Mr ,Macauly,null,Hubbard,00 Sienna Loop,null,Woodcroft,4650,SA,Australia,8/12/2002,434327617,35593557@student.uwa.edu.au,Male,22459,456587391,Bachelor of Commerce,Australia,null,null,yes,1,0,0,null
S1043,U1003,C1026,28688464,Mrs,Erin,Erin,Sierra,103 Stewart Summit,null,Buninyong,4659,VIC,Australia,31/03/2000,465774083,28688464@student.curtin.edu.au,Female,42267,414264832,Bachelor of Science,Australia,null,no,yes,1,0,1,null
S1044,U1003,C1024,25671206,Mr,Frederic,Frederic,Bowen,15 Morgan Manor,null,Kooragang,4660,NSW,Australia,7/08/1995,465612269,25671206@student.curtin.edu.au,Female,14809,369204249,Bachelor of Philosophy,Australia,yes,yes,no,1,0,1,null
S1045,U1005,C1052,34562380,Mrs,Reiss,Reiss,Ball,652 Kuhn Terrace,null,Geraldton,4702,WA,Australia,15/10/1997,477091069,34562380@student.deakin.edu.au,Male,42208,458129187,Bachelor of Law,Australia,no,no,yes,1,1,0,null
S1046,U1000,C1000,26034410,Mrs,Jagdeep,Jagdeep,Underwood,28 Grady Drive,null,Landervale,4704,NSW,Australia,20/03/1997,458747065,26034410@student.uwa.edu.au,Female,36875,382198591,Bachelor of Arts,Australia,no,null,yes,1,0,0,Peanut allergy
S1047,U1001,C1002,46659219,Mr ,Pooja,Pooja,Bender,00 Victoria Circle,null,South Springfield,4722,TAS,Australia,22/10/1997,453322626,46659219@student.unsw.edu.au,Male,18792,400721424,Bachelor of Biomedical Science,Australia,null,no,yes,1,1,1,null
S1048,U1004,C1029,40465710,Mrs,Tomos,Tomos,Mccarty,95 Caleb Square,null,Gold Coast Mc,4741,QLD,Australia,22/11/2000,453559076,40465710@student.usc.edu.au,Male,45138,469893740,Bachelor of Commerce,Australia,yes,no,yes,1,0,1,null
S1049,U1000,C1000,28780995,Mr,Stefano,Stefano,Golden,47 Ernser Summit,null,Lowesdale,4850,NSW,Australia,12/11/2000,482702383,28780995@student.uwa.edu.au,Male,35380,423386180,Bachelor of Commerce,Australia,null,null,yes,1,0,0,null
S1050,U1003,C1026,30108177,Mrs,Ieuan,Ieuan,Novak,5410 Abbott Way,null,Stokers Siding,4854,NSW,Australia,17/03/1997,430087812,30108177@student.curtin.edu.au,Female,28631,358605706,Bachelor of Science,Australia,null,no,yes,1,1,1,null
S1051,U1003,C1024,44595828,Mrs,Leland,Leland,Christian,0335 Zara Parkway,null,Springsure,5118,QLD,Australia,11/09/1996,446451758,44595828@student.curtin.edu.au,Female,22426,391687917,Bachelor of Philosophy,Australia,yes,yes,no,1,0,1,null
S1052,U1005,C1052,37581792,Mr ,Beatriz,null,Piper,0939 Jackson Court,null,Jagumba,5162,NSW,Australia,19/06/1995,478208355,37581792@student.deakin.edu.au,Male,46184,454952179,Bachelor of Law,Australia,no,no,yes,1,0,1,null
S1053,U1000,C1000,25193183,Mrs,Sultan,null,Ochoa,27 Lauren Square,null,Carrajung South,5271,VIC,Australia,22/04/2002,473824564,25193183@student.uwa.edu.au,Female,28748,451023806,Bachelor of Arts,Australia,no,null,yes,1,0,1,Peanut allergy
S1054,U1001,C1002,27498910,Mr,Finbar,null,Dunne,096 Jade Meadow,null,Wonnangatta,5309,VIC,Australia,21/02/2001,464063200,27498910@student.unsw.edu.au,Male,44922,445598900,Bachelor of Biomedical Science,Australia,null,no,yes,1,1,1,null
S1055,U1004,C1029,40291405,Mrs,Jacques,null,Pineda,3837 Lincoln Plaza,null,Smoky Creek,5522,QLD,Australia,5/01/2000,457665504,40291405@student.usc.edu.au,Male,14360,426380203,Bachelor of Commerce,Australia,yes,no,yes,1,0,1,null
S1056,U1000,C1000,37517620,Mrs,Hamid,Hamid,Maxwell,076 Goodwin Summit,null,Uarbry,6167,NSW,Australia,18/09/1998,471649695,37517620@student.uwa.edu.au,Male,20228,450649394,Bachelor of Commerce,Australia,null,null,yes,1,0,1,null
S1057,U1003,C1026,32088118,Mr ,Shah,Shah,Needham,3526 Gabriel Island,null,Coolbaggie,6210,NSW,Australia,13/02/2000,475790215,32088118@student.curtin.edu.au,Female,16780,390613246,Bachelor of Science,Australia,null,no,yes,1,0,1,null
S1058,U1003,C1024,47775937,Mrs,Dilan,Dilan,Sanchez,96 Lauren Run,null,Corindhap,6260,VIC,Australia,19/10/1996,464324604,47775937@student.curtin.edu.au,Female,43979,396037119,Bachelor of Philosophy,Australia,yes,yes,no,1,1,1,null
S1059,U1005,C1052,35792089,Mr,Alexis,null,Avalos,8253 Miller Drive,null,Riverstone,6280,NSW,Australia,21/05/1995,439421911,35792089@student.deakin.edu.au,Male,12627,430477666,Bachelor of Law,Australia,no,no,yes,1,0,1,null
S1060,U1000,C1000,29368409,Mrs,Tayah,null,Philip,10 Maddison Lane,null,Blacktown,6337,NSW,Australia,10/02/1995,435846542,29368409@student.uwa.edu.au,Female,25822,468008572,Bachelor of Arts,Australia,no,null,yes,1,0,1,Peanut allergy
S1061,U1001,C1002,34640189,Mrs,Carlos,null,Horne,7634 Stokes Crest,null,Burrum Heads,6530,QLD,Australia,21/04/1998,439949455,34640189@student.unsw.edu.au,Male,12863,389522899,Bachelor of Biomedical Science,Australia,null,no,yes,1,1,1,null
S1062,U1004,C1029,27408005,Mr ,Jan,null,Schofield,641 Tremblay Loop,null,Kingsway West,6568,NSW,Australia,22/03/1996,449718053,27408005@student.usc.edu.au,Male,27397,371936738,Master of Mechanical Engineering,Australia,yes,no,yes,1,0,1,null
S1063,U1000,C1000,22762041,Mrs,Ernie,null,Sutherland,795 Rohan Junction,null,Queensferry,6574,VIC,Australia,20/09/2001,487102105,22762041@student.uwa.edu.au,Male,44785,437863814,Bachelor of Commerce,Australia,null,null,yes,1,0,1,null
S1064,U1003,C1026,39745415,Mr,Billy-Joe,null,Ashton,362 Justin Drive,null,Yarrabin,7109,NSW,Australia,9/05/2001,452452442,39745415@student.curtin.edu.au,Female,37146,360626640,Bachelor of Science,Australia,null,no,yes,1,0,1,null
S1065,U1003,C1024,41129979,Mrs,Max,null,Jefferson,0755 Lucas Boulevard,null,Silverdale,7260,NSW,Australia,11/03/1998,454464690,41129979@student.curtin.edu.au,Female,20624,371277109,Bachelor of Philosophy,Australia,yes,yes,no,1,1,1,null
S1066,U1005,C1052,37370457,Mrs,Rizwan,Rizwan,Houston,916 Mackenzie Grove,null,Fisherman Bay,7263,SA,Australia,20/08/1998,457954834,37370457@student.deakin.edu.au,Male,30591,492276782,Bachelor of Law,Australia,no,no,yes,1,0,1,null
S1067,U1000,C1000,22737593,Mr ,Amayah,Amayah,Haines,50 Jerde Street,null,Merrinee,3496,VIC,Australia,6/04/1999,450766535,22737593@student.uwa.edu.au,Female,20696,453489679,Bachelor of Arts,Australia,no,null,yes,1,0,1,Peanut allergy
S1068,U1001,C1002,44239670,Mrs,Siya,Siya,Macgregor,11 Johnson Lane,null,Wuk Wuk,3875,VIC,Australia,25/04/1996,454000901,44239670@student.unsw.edu.au,Male,31776,457995752,Bachelor of Biomedical Science,Australia,null,no,yes,1,0,1,null
S1069,U1004,C1029,43584799,Mr,Safiya,Safiya,Warner,87 Amelie Loop,null,South Preston,7315,TAS,Australia,26/09/1999,441457744,43584799@student.usc.edu.au,Male,49301,433202225,Master of Mechanical Engineering,Australia,yes,no,yes,0,0,1,null
S1070,U1000,C1000,25685682,Mrs,Felicity,Felicity,Robbins,124 Kutch Square,null,Corop,3559,VIC,Australia,31/12/2002,460065718,25685682@student.uwa.edu.au,Male,33280,439787426,Bachelor of Commerce,Australia,null,null,yes,1,1,1,null
S1071,U1003,C1026,36984450,Mrs,Neal,Neal,Horton,91 Alexandra Meadow,null,Taree West,2430,NSW,Australia,21/12/1996,439500229,36984450@student.curtin.edu.au,Female,39242,421142192,Bachelor of Science,Australia,null,no,yes,0,0,1,null
S1072,U1003,C1024,29034872,Mr ,Mehdi,Mehdi,Esquivel,4671 Jayden Circuit,null,Larapinta,4110,QLD,Australia,17/09/1995,458239839,29034872@student.curtin.edu.au,Female,20596,415525263,Bachelor of Philosophy,Australia,yes,yes,no,1,0,1,null
S1073,U1005,C1052,32645900,Mrs,Ray,Ray,Todd,169 Sam Mews,null,Mapoon,4874,QLD,Australia,20/10/1996,439257030,32645900@student.deakin.edu.au,Male,37623,404410939,Bachelor of Law,Australia,no,no,yes,1,0,1,null
S1074,U1000,C1000,45998087,Mr,Troy,Troy,Riddle,33 Collier Island,null,Manton,2581,NT,Australia,28/02/2000,470676044,45998087@student.uwa.edu.au,Female,24790,418942083,Bachelor of Arts,Australia,no,null,yes,0,1,1,Peanut allergy
S1075,U1001,C1002,28162508,Mrs,Shanay,Shanay,Mcarthur,344 Collins Summit,null,Bremer,4305,QLD,Australia,26/08/1995,438293742,28162508@student.unsw.edu.au,Male,22667,453590390,Bachelor of Biomedical Science,Australia,null,no,yes,1,0,1,null
S1076,U1004,C1029,36671499,Mrs,Ozan,Ozan,Connelly,4303 Audrey Plaza,null,Glenside,5065,SA,Australia,22/06/2000,449826718,36671499@student.usc.edu.au,Male,22082,471686505,Master of Mechanical Engineering,Australia,yes,no,yes,1,0,1,null
S1077,U1000,C1000,33512128,Mr ,Raiden,Raiden,Greig,072 Shields Track,null,Hervey Bay Dc,4655,QLD,Australia,18/08/2000,473019111,33512128@student.uwa.edu.au,Male,32618,456181748,Bachelor of Commerce,Australia,null,null,yes,1,0,1,null
S1078,U1003,C1026,27843970,Mrs,Hugh,null,Mair,4835 Chase Knoll,null,Birkdale,4159,QLD,Australia,6/09/2001,486474922,27843970@student.curtin.edu.au,Female,20835,405836619,Bachelor of Science,Australia,null,no,yes,0,1,1,null
S1079,U1003,C1024,26516457,Mr,Arbaaz,null,May,40 Huel Place,null,Cullya,2800,NSW,Australia,20/05/2000,454660489,26516457@student.curtin.edu.au,Female,14496,358490124,Bachelor of Philosophy,Australia,yes,yes,no,1,0,1,null
S1080,U1005,C1052,29135196,Mrs,Carlton,null,Tomlinson,90 Thomas Hill,null,Crowther Island,2460,NSW,Australia,3/03/1995,438712637,29135196@student.deakin.edu.au,Male,19465,446655676,Bachelor of Law,Australia,no,no,yes,1,0,1,null
S1081,U1000,C1000,30536353,Mrs,Tre,null,Costa,81 Donnelly Circle,null,Townsend,2463,NSW,Australia,17/08/2002,458397733,30536353@student.uwa.edu.au,Female,48709,369632850,Bachelor of Arts,Australia,no,null,yes,1,0,1,Peanut allergy
S1082,U1001,C1002,40673371,Mr ,Aedan,null,Bright,3317 Reid Lane,null,Lewisham,7173,TAS,Australia,20/02/1996,430384121,40673371@student.unsw.edu.au,Male,26750,360176181,Bachelor of Biomedical Science,Australia,null,no,yes,1,1,1,null
S1083,U1004,C1029,38717994,Mrs,Sanna,null,Rayner,05 Keeling Station St,null,Nerrina,3350,VIC,Australia,4/06/2002,465195690,38717994@student.usc.edu.au,Male,40697,447173360,Master of Mechanical Engineering,Australia,yes,no,yes,1,0,1,null
S1084,U1000,C1000,45988944,Mr,Maison,null,Rowland,440 Nicholas Parade,null,Einasleigh,4871,QLD,Australia,2/09/2002,454818003,45988944@student.uwa.edu.au,Male,49395,394849064,Bachelor of Commerce,Australia,null,null,yes,0,0,1,null
S1085,U1003,C1026,32288736,Mrs,Michele,null,Stevens,624 Amelia Island,null,Lanskey,4825,QLD,Australia,20/04/1998,444032033,32288736@student.curtin.edu.au,Female,17872,370462544,Bachelor of Science,Australia,null,no,yes,1,1,1,null
S1086,U1003,C1024,34979587,Mrs,Imaan,null,Klein,18 Hunter Estate Dr,null,Wyangala,2808,NSW,Australia,11/11/2001,467454774,34979587@student.curtin.edu.au,Female,40387,368484386,Bachelor of Philosophy,Australia,yes,yes,no,1,0,1,null
S1087,U1005,C1052,44725832,Mr ,Debra,Debra,Washington,840 Mason View Rd,null,Mortlake,3272,VIC,Australia,24/07/1997,441833822,44725832@student.deakin.edu.au,Male,24707,379082719,Bachelor of Law,Australia,no,no,yes,0,0,1,null
S1088,U1000,C1000,25737236,Mrs,Marie,Marie,Wise,287 Eli View Rd,null,Eidsvold East,4627,QLD,Australia,31/03/2002,452916719,25737236@student.uwa.edu.au,Female,17829,445178819,Bachelor of Arts,Australia,no,null,yes,1,0,1,Peanut allergy
S1089,U1001,C1002,32746592,Mr,Tadhg,Tadhg,Daniel,89 Nicholas Street,null,Carpendeit,3260,VIC,Australia,13/01/1999,482180702,32746592@student.unsw.edu.au,Male,48649,450717481,Bachelor of Biomedical Science,Australia,null,no,yes,1,0,1,null
S1090,U1004,C1029,24115835,Mrs,Tobias,Tobias,Pugh,26 Emily Station St,null,Watsons Creek,2355,NSW,Australia,17/02/1997,435704141,24115835@student.usc.edu.au,Male,25410,391428590,Master of Mechanical Engineering,Australia,yes,no,yes,1,0,1,null
S1091,U1000,C1000,34328145,Mrs,Daria,Daria,Farrow,21 Hayley Parkway,null,Kawl Kawl,4612,QLD,Australia,17/10/1998,444351712,34328145@student.uwa.edu.au,Male,22617,369764534,Bachelor of Commerce,Australia,null,null,yes,0,0,1,null
S1092,U1003,C1026,46069127,Mr ,Murat,Murat,Dickens,65 Piper Crest,null,Mcphersons Crossing,2460,NSW,Australia,31/03/2000,437811147,46069127@student.curtin.edu.au,Female,16169,465869009,Bachelor of Science,Australia,null,no,yes,1,0,1,null
S1093,U1003,C1024,24813921,Mrs,Ansh,Ansh,Wilkins,3419 Jessica Mall,null,Koroop,3579,VIC,Australia,4/09/1996,472813766,24813921@student.curtin.edu.au,Female,32940,423794557,Bachelor of Philosophy,Australia,yes,yes,no,1,0,1,null
S1094,U1005,C1052,31517341,Mr,Patricia,Patricia,Sheppard,4306 Wolf Mall,null,Cleveland,2530,NSW,Australia,28/09/2002,457423910,31517341@student.deakin.edu.au,Male,28840,376782435,Bachelor of Law,Australia,no,no,yes,0,0,1,null
S1095,U1000,C1000,41160049,Mrs,Floyd,Floyd,Neville,749 King Road,null,Naring,3636,VIC,Australia,2/06/1999,476904020,41160049@student.uwa.edu.au,Female,23195,457691759,Bachelor of Arts,Australia,no,null,yes,1,0,1,Peanut allergy
S1096,U1001,C1002,39553178,Mrs,Kieran,null,Barton,259 Nicolas Junction,null,Little Jilliby,2259,NSW,Australia,27/04/1997,447221142,39553178@student.unsw.edu.au,Male,14025,371274555,Bachelor of Biomedical Science,Australia,null,no,yes,1,0,1,null
S1097,U1004,C1029,38679148,Mr ,Georga,null,Penn,7213 Jade Pass,null,Humeburn,4490,QLD,Australia,15/10/1998,458712021,38679148@student.usc.edu.au,Male,32588,357122363,Master of Mechanical Engineering,Australia,yes,no,yes,0,0,1,null
S1098,U1000,C1000,31109351,Mrs,Patrik,null,Adkins,7016 Wood Ridge,null,Police Point,7116,TAS,Australia,3/09/2000,479055259,31109351@student.uwa.edu.au,Male,19053,494359503,Bachelor of Commerce,Australia,null,null,yes,1,0,1,null
S1099,U1003,C1026,33527694,Mr,Tonisha,null,Krueger,1966 Amber Crescent,null,Maslin Beach,5170,SA,Australia,31/08/2002,467922493,33527694@student.curtin.edu.au,Female,41858,480108007,Bachelor of Science,Australia,null,no,yes,0,0,1,null
S1100,U1003,C1024,39055866,Mrs,Emmett,null,Flores,72 Baumbach Knoll,null,Kevington,3723,VIC,Australia,6/05/2002,482689992,39055866@student.curtin.edu.au,Female,19600,476577806,Bachelor of Philosophy,Australia,yes,yes,no,1,0,1,null
S1101,U1005,C1052,23902984,Mrs,Ariah,null,Holding,755 Cassin Crest,null,Waterloo,6228,WA,Australia,16/01/1995,454531934,23902984@student.deakin.edu.au,Male,43904,403938948,Bachelor of Law,Australia,no,no,yes,1,0,1,null
S1102,U1000,C1000,46389105,Mr ,Nikola,null,Joyce,32 Blake Island,null,Oxford,4742,QLD,Australia,29/05/2002,460053848,46389105@student.uwa.edu.au,Female,22685,362953258,Bachelor of Arts,Australia,no,null,yes,1,0,1,Peanut allergy
S1103,U1001,C1002,45727888,Mrs,Codie,Codie,Mcmanus,8378 Zoe Circle,null,East Lynne,2536,NSW,Australia,22/10/2001,488285587,45727888@student.unsw.edu.au,Male,41329,491011321,Bachelor of Biomedical Science,Australia,null,no,yes,1,0,1,null
S1104,U1004,C1029,27784907,Mr,Raphael,Raphael,Humphreys,9621 Holly Drive,null,Gorge Creek,2469,NSW,Australia,15/06/2001,464253546,27784907@student.usc.edu.au,Male,21493,457947675,Master of Mechanical Engineering,Australia,yes,no,yes,1,0,1,null
S1105,U1000,C1000,35512504,Mrs,Khadeejah,Khadeejah,Hewitt,71 Eve Circle,null,Wilgoyne,6479,WA,Australia,5/06/2002,435864298,35512504@student.uwa.edu.au,Male,41122,373423468,Bachelor of Commerce,Australia,null,null,yes,0,0,1,null
S1106,U1003,C1026,45591183,Mrs,Andreea,Andreea,William,32 Ellie Knoll,null,Kingaroy Dc,4610,QLD,Australia,4/03/2002,482221608,45591183@student.curtin.edu.au,Female,16822,494112161,Bachelor of Science,Australia,null,no,yes,1,0,1,null
S1107,U1003,C1024,22552257,Mr ,Gurdeep,Gurdeep,Stott,7912 Cooper Mall,null,Glenside,5065,SA,Australia,8/09/2000,478018238,22552257@student.curtin.edu.au,Female,33785,432232172,Bachelor of Philosophy,Australia,yes,yes,no,0,0,1,null
S1108,U1005,C1052,29194847,Mrs,Domonic,Domonic,Goodman,925 Angus Ridge,null,Sassafras,2622,NSW,Australia,3/08/1997,442701360,29194847@student.deakin.edu.au,Male,32771,386797462,Bachelor of Law,Australia,no,no,yes,1,0,1,null
S1109,U1000,C1000,29166998,Mr,Rhonda,null,Gardner,375 Nicholas Boulevard,null,Pinery,5460,SA,Australia,9/01/2001,466402499,29166998@student.uwa.edu.au,Female,46458,449712536,Bachelor of Arts,Australia,no,null,yes,1,0,1,Peanut allergy
S1110,U1001,C1002,28915104,Mrs,Haydon,Haydon,Richmond,780 Davies Crest,null,Rocklea,4106,QLD,Australia,4/03/1998,477911004,28915104@student.unsw.edu.au,Male,43922,385069217,Bachelor of Biomedical Science,Australia,null,no,yes,1,0,1,null
S1111,U1004,C1029,24422079,Mrs,Teigan,null,Hebert,12 Quinn Crescent,null,Cobram East,3644,VIC,Australia,21/05/1998,486781777,24422079@student.usc.edu.au,Male,44342,369408137,Master of Mechanical Engineering,Australia,yes,no,yes,0,0,1,null
S1112,U1000,C1000,35224134,Mr ,Siyana,null,Pitt,6245 Lewis Run,null,Sutton Forest,2577,NSW,Australia,26/12/1995,478264295,35224134@student.uwa.edu.au,Male,33079,444677863,Bachelor of Commerce,Australia,null,null,yes,1,0,1,null
S1113,U1003,C1026,34255154,Mrs,Jesse,null,Harper,0155 Isabel Avenue,null,Dunnstown,3352,VIC,Australia,22/08/1998,455260414,34255154@student.curtin.edu.au,Female,38652,403870772,Bachelor of Science,Australia,null,no,yes,1,0,1,null
S1114,U1003,C1024,27641252,Mr,Connar,null,Eastwood,051 Natalie Station St,null,Croydon Park South,5008,SA,Australia,19/03/1995,434406368,27641252@student.curtin.edu.au,Female,20914,478659355,Bachelor of Philosophy,Australia,yes,yes,no,1,0,1,null
S1115,U1005,C1052,36482567,Mrs,Warwick,null,Davenport,51 Davies Manor,null,West Wodonga,3690,VIC,Australia,24/02/2001,465536833,36482567@student.deakin.edu.au,Male,41106,406556385,Bachelor of Law,Australia,no,no,yes,1,0,1,null
S1116,U1000,C1000,45743654,Mrs,Tanya,null,Sumner,53 Annabelle Crescent,null,Yeerongpilly,4105,QLD,Australia,19/11/2001,444563832,45743654@student.uwa.edu.au,Female,23378,388212895,Bachelor of Arts,Australia,no,null,yes,1,0,1,Peanut allergy
S1117,U1001,C1002,42676831,Mr ,Albi,null,Finnegan,2923 Crooks Drive,null,East Launceston,7250,TAS,Australia,22/07/1998,480158119,42676831@student.unsw.edu.au,Male,36001,434315043,Bachelor of Biomedical Science,Australia,null,no,yes,0,0,1,null
S1118,U1004,C1029,22952524,Mrs,Nasir,Nasir,House,89 Madison Court,null,Kudardup,6290,WA,Australia,7/03/1999,471448699,22952524@student.usc.edu.au,Male,31915,488336331,Master of Mechanical Engineering,Australia,yes,no,yes,0,0,1,null
S1119,U1000,C1000,30320730,Mr,Arlene,Arlene,Clemons,2206 Khan Summit,null,Bowraville,2449,NSW,Australia,29/08/1997,464266367,30320730@student.uwa.edu.au,Male,37820,376761435,Bachelor of Commerce,Australia,null,null,yes,1,0,1,null
S1120,U1003,C1026,44152698,Mrs,Shivani,Shivani,Mccullough,41 Cole Island,null,Howrah,7018,TAS,Australia,7/01/2002,470348898,44152698@student.curtin.edu.au,Female,35750,451599177,Bachelor of Science,Australia,null,no,yes,1,0,1,null
S1121,U1003,C1024,27809377,Mrs,Courteney,null,Burris,073 Jacob Square,null,Mullumbimby,2482,NSW,Australia,1/02/2000,445857637,27809377@student.curtin.edu.au,Female,37580,483752218,Bachelor of Philosophy,Australia,yes,yes,no,1,0,1,null
S1122,U1005,C1052,28854924,Mr ,Ramone,null,Dunkley,172 Cooper Mews,null,Spalding,5454,SA,Australia,25/05/1995,465652582,28854924@student.deakin.edu.au,Male,16005,371041213,Bachelor of Law,Australia,no,no,yes,0,0,1,null
S1123,U1000,C1000,29956626,Mrs,Elsa,null,Meyer,06 Sauer Estate Dr,null,Barragga Bay,2546,NSW,Australia,20/03/1996,467970750,29956626@student.uwa.edu.au,Female,43965,485434335,Bachelor of Arts,Australia,no,null,yes,1,0,1,Peanut allergy
S1124,U1001,C1002,30133264,Mr,Wesley,null,Hayes,48 Evie Island,null,Mount Elliot,2250,NSW,Australia,21/02/1996,461321526,30133264@student.unsw.edu.au,Male,36928,415958822,Bachelor of Biomedical Science,Australia,null,no,yes,0,0,1,null
S1125,U1004,C1029,47897981,Mrs,Saif,null,Power,9656 Jake Summit,null,Indigo Valley,3688,VIC,Australia,31/08/1999,489033083,47897981@student.usc.edu.au,Male,36737,458103988,Master of Mechanical Engineering,Australia,yes,no,yes,1,0,1,null
S1126,U1000,C1000,32956790,Mrs,Briana,null,Rangel,43 Clark Lane,null,Tibooburra,2880,NSW,Australia,10/08/2001,448101170,32956790@student.uwa.edu.au,Male,40745,441012539,Bachelor of Commerce,Australia,null,null,yes,1,0,1,null
S1127,U1003,C1026,32461518,Mr ,Rukhsar,null,Turnbull,6573 Doherty Summit,null,Callaghan,2308,NSW,Australia,1/08/1997,435476856,32461518@student.curtin.edu.au,Female,21421,429724626,Bachelor of Science,Australia,null,no,yes,1,0,1,null
S1128,U1003,C1024,40098012,Mrs,Leroy,null,Holland,76 Hammes Court,null,Goldsborough,3472,VIC,Australia,1/01/2001,457369905,40098012@student.curtin.edu.au,Female,48397,490850439,Bachelor of Philosophy,Australia,yes,yes,no,0,0,1,null
S1129,U1005,C1052,40949397,Mr,Erik,null,Stacey,636 Owen Avenue,null,Yarragong,2871,NSW,Australia,2/01/2001,480052704,40949397@student.deakin.edu.au,Male,40439,426894260,Bachelor of Law,Australia,no,no,yes,1,1,1,null
S1130,U1000,C1000,42849994,Mrs,Arnold,null,Swanson,40 Wilderman Manor,null,West Toodyay,6566,WA,Australia,29/09/2000,436209252,42849994@student.uwa.edu.au,Female,27156,469717798,Bachelor of Arts,Australia,no,null,yes,1,0,1,Peanut allergy
S1131,U1001,C1002,44177303,Mrs,Kianna,null,Connolly,556 Callum Station St,null,Yabbra,2469,NSW,Australia,26/07/1995,439524575,44177303@student.unsw.edu.au,Male,15308,458440825,Bachelor of Biomedical Science,Australia,null,no,yes,0,0,1,null
S1132,U1004,C1029,23303853,Mr ,Buster,Buster,Soto,803 Stokes Manor,null,Forrestania,6359,WA,Australia,21/07/2002,473658007,23303853@student.usc.edu.au,Male,21910,499529625,Master of Mechanical Engineering,Australia,yes,no,yes,1,0,1,null
S1133,U1000,C1000,34173450,Mrs,Scarlett,Scarlett,Hayward,09 Hansen View Rd,null,Kenmare,6316,WA,Australia,23/04/2000,455116970,34173450@student.uwa.edu.au,Male,34281,431811485,Bachelor of Commerce,Australia,null,null,yes,1,1,1,null
S1134,U1003,C1026,34723400,Mr,Katherine,Katherine,Fenton,2453 Boyer View Rd,null,Yamanto,4305,QLD,Australia,5/02/1995,439857065,34723400@student.curtin.edu.au,Female,14798,371139555,Bachelor of Science,Australia,null,no,yes,1,0,1,null
S1135,U1003,C1024,44928740,Mrs,Taybah,null,Dougherty,0811 Savannah Circle,null,Kudardup,6290,WA,Australia,13/04/1997,434463200,44928740@student.curtin.edu.au,Female,33415,485894680,Bachelor of Philosophy,Australia,yes,yes,no,0,0,1,null
S1136,U1005,C1052,37054198,Mrs,Frankie,null,Pacheco,2244 Kayla Pass,null,Bells Creek,4551,QLD,Australia,25/06/2002,448507350,37054198@student.deakin.edu.au,Male,31694,366679637,Bachelor of Law,Australia,no,no,yes,1,0,1,null
S1137,U1000,C1000,34010244,Mr ,Lacey-Mai,null,Sullivan,52 Klein Crescent,null,Vittoria,6230,WA,Australia,7/08/1995,464161940,34010244@student.uwa.edu.au,Female,19961,433026260,Bachelor of Arts,Australia,no,null,yes,1,1,1,Peanut allergy
S1138,U1001,C1002,30502956,Mrs,Danika,null,Hirst,67 Welch Avenue,null,Marrara,812,NT,Australia,28/07/1996,430960604,30502956@student.unsw.edu.au,Male,12732,432815235,Bachelor of Biomedical Science,Australia,null,no,yes,0,0,1,null
S1139,U1004,C1029,23315616,Mr,Parker,null,Reynolds,81 Savannah Boulevard,null,Lindfield,2070,NSW,Australia,31/07/2001,441386103,23315616@student.usc.edu.au,Male,31764,464415052,Master of Mechanical Engineering,Australia,yes,no,yes,1,0,1,null
S1140,U1000,C1000,24269383,Mrs,Muskaan,Muskaan,Snyder,8876 Riley Run,null,Gundaring,6315,WA,Australia,16/04/1998,442728032,24269383@student.uwa.edu.au,Male,13150,471823333,Bachelor of Commerce,Australia,null,null,yes,1,0,1,null
S1141,U1003,C1026,25301699,Mrs,Rae,null,Rowland,193 Justin Lane,null,Tidal River,3960,VIC,Australia,6/08/1998,480390301,25301699@student.curtin.edu.au,Female,48621,448170686,Bachelor of Science,Australia,null,no,yes,0,0,1,null
S1142,U1003,C1024,48083709,Mr ,Nylah,null,North,56 Shields Run,null,Minnamurra,2533,NSW,Australia,3/09/1998,449649321,48083709@student.curtin.edu.au,Female,27174,395545239,Bachelor of Philosophy,Australia,yes,yes,no,1,0,1,null
S1143,U1005,C1052,26513544,Mrs,Rima,null,Mac,01 Aaron Summit,null,Allambee Reserve,3871,VIC,Australia,5/05/1997,445830403,26513544@student.deakin.edu.au,Male,42610,405474173,Bachelor of Law,Australia,no,no,yes,1,1,1,null
S1144,U1000,C1000,40109712,Mr,Denis,null,Norris,790 Maya Manor,null,Forest Lake,4078,QLD,Australia,16/09/1998,483369179,40109712@student.uwa.edu.au,Female,41455,359987425,Bachelor of Arts,Australia,no,null,yes,0,0,1,Peanut allergy
S1145,U1001,C1002,29492377,Mrs,Sid,null,Stanley,1788 Andrew Junction,null,Sapphire,4702,QLD,Australia,20/02/2000,473825909,29492377@student.unsw.edu.au,Male,40792,463472150,Bachelor of Biomedical Science,Australia,null,no,yes,1,0,1,null
S1146,U1004,C1029,24912890,Mrs,Nana,Nana,Maddox,250 Maddison Meadow,null,Lenah Valley,7008,TAS,Australia,11/11/2002,483440889,24912890@student.usc.edu.au,Male,37916,486391125,Master of Mechanical Engineering,Australia,yes,no,yes,1,1,1,null
S1147,U1000,C1000,35137499,Mr ,Jordan,Jordan,Winters,545 Mia Meadow,null,Parramatta Park,4870,QLD,Australia,8/02/2000,461538672,35137499@student.uwa.edu.au,Male,37052,491848275,Bachelor of Commerce,Australia,null,null,yes,1,0,1,null
S1148,U1003,C1026,40911608,Mrs,Abbey,null,Hansen,3650 Kovacek Mall,null,Charlotte Cove,7112,TAS,Australia,23/07/1999,435296410,40911608@student.curtin.edu.au,Female,20749,417467651,Bachelor of Science,Australia,null,no,yes,1,0,1,null
